sequence,score
FAKLLAKLAKKLAKLAKKL,0.99193937
FIVGILGSLAKKIISKFIKKILKKIFKKKL,0.6388996
GLASTIIGK,0.5986167
AKFLKKALKKL,0.9911668
AKKWAKAAKKAAKAAKKAAA,0.99180555
TEFRTT,0.6927185
VIKKIPRIIIPIIKHI,0.5000695
FKLLAKLAKKLAKKLAKLAKKL,0.99136883
GFVSVIPSLLK,0.68418175
FLFPLLKILKKL,0.9896946
FAKLLAKLAKKLAKLAKKL,0.99193937
CSANTFKN,0.5025936
FAKKLAKKLKKLAKKLAKALA,0.9920495
KWKLFKKIAKLLKKIL,0.98701584
FWGAFLKLDLMKKL,0.93557566
RMPEYAFGNLL,0.6206896
LALKLAKKLFKLAKKLAKKA,0.9914186
FLGMIIKILGKVAKHIKKGAKKKAAKN,0.5473772
FAKLLAKLAKKLA,0.99185467
FAKLFAKL,0.99180365
KWKLFLKLKKL,0.99060434
KRWWRWWFRIFK,0.540737
AGLVLGLLGVLAGAALKAL,0.51282215
PWKLFKKIPKFWKKILKAIK,0.9876609
FWPFLKHILKKIIKHVVSKI,0.5624531
FAKLLAKALKKLAKL,0.9908886
GFVEREPHIH,0.52257776
KWKLFKKIGLFVSAKFRKLVGLLLKLLK,0.59865427
GMWKKVLKKLLKVLK,0.8749972
KWKSFLKTFKSAKKTLAKFAKKVAKKAAKKWAKKA,0.79845846
WKLFKKLIGKLIHFAK,0.9729627
KWKKFAKLLKFAKKL,0.9862466
FAAKWAKKAAKAAKKAAKAAKAA,0.9919729
FAKKVPFVVKLAL,0.95700157
GLFPLLKSLISIVK,0.5064535
FAKLLAKLAKKLAKLF,0.99189574
FLPLLLALKSLLK,0.9506022
FFPILDHMSNKL,0.5088189
FAKLLAKIAKKLA,0.9915035
FIKLLSHLASKI,0.75883543
FAKLLAKLAKKLAKLAL,0.9915194
FLPAITALALKLAKKFAKKA,0.9884051
FIPIMHHLVG,0.8683162
FAKLLAKLAKKLAKLAKLAL,0.9917602
KWKKFAKLLKKLAKKL,0.9912442
KWKKFAKKVKKLAKKFAKKL,0.99157155
GKWKSILSHIIK,0.758779
AGWFKSIFHVAK,0.8260223
FAKLLAKALKKLAKLAKKAALAL,0.9911129
KAWKKAAKAAKKGAKLALKLAKALVKLGIKVIGKK,0.64308333
FAKLLAKLAKKLAKALKAAL,0.9919086
FAKKLAKKLKKLAKKFL,0.99202394
AFAKLAKKLAKKLKKLAKKL,0.9920081
KWKLFKKIPKFLKKIKK,0.9879885
KWKLFKKVKKIPKFLHGLVKKIEKILHV,0.548831
AWRKLWKAAKKLAKAAK,0.9524342
GLPQARKFLM,0.7308228
GWPLFKHILKVI,0.9782654
KWKAFKKVFKKIPKFAK,0.98962307
FAKLLAKLAKKLAKKL,0.9918738
FKLAKKLAKALKKLAKLAL,0.99181575
DNFRLTHPWEF,0.5094773
GYAVLC,0.7816485
FALALKAAKKAL,0.991825
LKAKKWLKKAAKLAKKLAKKLAKAL,0.98526555
FAKKLAKALKKLAKLAAKL,0.991964
FKIILKIAKKIE,0.91992337
GLLPILVKFLSKIA,0.7485686
FALFLHFLKKVAS,0.9029743
KWKAFKKIPKFLGKLLKTII,0.8556907
FAKLLAKLAKAL,0.9918013
KWKLFKKVFKLAKKL,0.9825649
FAKKLAKKLKKLAKKLAKAL,0.99202955
GWKAFAKLF,0.98635453
GLAAKKWEKWLPAARL,0.72702235
AWKSFKKLPKKLFKHLAKKL,0.96140933
FAKLLAKLAKKLAKLAKKL,0.99193937
FALALKALKKLAKLAL,0.9914657
FAKAAKKLAKAAKLALKAL,0.99122274
AKLLAKKWKKAAKKAAKLALAL,0.99017614
FAKLAKKLAKKLAKLAKKLAKKAL,0.9920408
FLPLIPDLVACALAAKC,0.69143313
AMRVAT,0.71036273
KAAKKWAKAAKKAAKAAKAAAKAAALAAAL,0.99179256
KAAKKAWKAAKKAAKAAKKAAKAAAKAAAAAAKAA,0.99197805
FAKVLAKLAKKLAKAL,0.989433
FALALKLAKKLAKKLKKLAKLAKKL,0.99200094
KWKVFKKIPKFLHAAKKIVKKIVKF,0.7827612
FLPLLSR,0.81396455
FALALKKLAKKL,0.99183923
FLPLIPSLIS,0.7751955
FAKLLAKLAKKLAKKLKKLL,0.9918508
KNWKKILGKIAKILKWIHKFF,0.6738861
KWKIFKKIPKFLKKFI,0.98365235
FAKLAKKLAKLAKKLAKKL,0.99195415
FTIFKVLPSLLHSFKKF,0.83720237
PIPAPP,0.9910807
WMLKLLKKLAKKLA,0.9846758
APKFINLLKTIIKKALHIAFKHL,0.7758525
KAAKWASKAAAKAAKAAAKAAKAAAKAAA,0.98932123
