sequence,result
FAKKFAKKFKKFAKKFAKFAFAF,0.9997395
ICLRLPGC,0.40369081
FLGSIVGALASALPSLISKIRN,0.534155
FGLPMLSILPKALCILLKRKC,0.6068868
CGESCVWIPCVTSIFNCKCKENKVCYHDKIP,0.3793114
KLAKLAK,0.9995881
GLFDIVKKVVGAIGSL,0.9851956
AKRHHGYKRKFH,0.9243354
FMPILSCSRFKRC,0.55995387
GRKKRRQRRRGGWMWVTNLRTD,0.21834905
GIGKFLKKAKKFAKAFVKMNN,0.99686015
GIGKFLKKAKKFAKAFVKIINN,0.65469944
GLMDTIKGVAKTVAASWLDKLKCKITGC,0.047633383
LLRHVVKILSKYL,0.9972947
KFKKLAKKF,0.9996815
TILLEIKNINAD,0.80818427
GLFKVIKKVAKVIKKL,0.99961036
FIFHIIKGLFHAGKMIHGLVTRRRH,0.6488127
ALYKKFKKKLLKSLKRL,0.999704
TFRAFLSSRLQDLYSIVRRADRAAV,0.2830618
AVPDVAFNAYG,0.7662192
MRKEFHNVLSSGQLLADKRPARDYNRK,0.10642049
YAIDTILAEIKNINA,0.48905998
GKWLSLLKHILK,0.9994303
FVKLKKILNIILSIFKK,0.9977792
GFLGPLLKLAAKGVAKVIPHLIPSRQQ,0.7525198
DTHFPICIFCCGCCHRSKCGMCCKT,0.45744857
HGVSGHGQHGVHG,0.36467946
CKQSCSFGPFTFVCDGNTK,0.4034598
GKWMSLLKHILK,0.9994682
KWKLFKKIPKFLHL,0.9981162
KWKLFKKIGIGAVLKVLKKG,0.999163
FALKALKK,0.9995592
FLPVVAGLAAKVLPSIICAVTKKC,0.39905995
CGETCVGGTCNTPGCTCSWPVCTRNGLPV,0.46152765
AIKLVQSPNGNFAASFVLDGTKWIFKSKYYDSSKGYWVGIYEVWDRK,0.06627605
KSCCPNTTGRNIYNTCRLGGGSRERCASLSGCKIISASTCPSDYPK,0.08308391
LKCNKLVPLFYKTCPAGKNL,0.6075244
KWFKKIPKFLHLAKKF,0.99895906
CGESCAMISFCFTEVIGCSCKNKVCYLNSIS,0.3112738
FAKLLAKFLKKAL,0.99971414
ETWRTEAPSATGQASSLLGGRLLGQ,0.2899251
AKWVGDLTLCRWR,0.4057468
KILRGVAKKIMRTFLRRILTGKK,0.18583712
CGESCVFIPCISTLLGCSCKNKVCYRNGVIP,0.29382813
SPWPRPTY,0.672342
FLSFPTTKTYFPHFDLSHGSAQVKGHGAK,0.65090793
VALALKALKKL,0.9995851
GAARKSIRLHRLYTWKATIYTR,0.07150913
GLFAVIKKVASVIGGL,0.98969245
CRQSCSFGPLTFVCDGNTK,0.36914304
FVQWFSKFLGRIL,0.91199255
GWLKKIGKKIERVGQHTRDATIQTIGVAQQAANVAATLK,0.05709828
GLFDIVKKVVGALGSL,0.9899755
FLFPLITSFLSKVL,0.96353936
GLPVCGETCFGGTCNTPGCSCETWPVCSRN,0.43228024
FAKKLKKLAKLAKKL,0.9997535
GTGLPMSERRKIMLMMR,0.55210394
VALALKALKKALKKLKKALKKAL,0.9997194
GLLPCAESCVYIPCLTTVIGCSCKSKVCYKN,0.44305202
VAKLLAKLAKKVL,0.99946415
FAKLLAKLAKKLL,0.9997343
PGLGFY,0.74892575
GFGKAFHSVSNFAKKHKTA,0.91495854
VECYGPNRPQF,0.62831545
LKLKSIVSWAKKVL,0.08718525
FFPIGVFCKIFKTC,0.91302115
GFFSTVKNLATNVAGTVIDTLKCKVTGGCRS,0.13816214
FAKKLAKKLKKLAKKLAKKWKL,0.98646545
KWKKFLKIGIGKFLHLAKKF,0.99955934
FKRIVQRIKDFLR,0.9830551
DYPKLTFTTS,0.9017446
KWKSFLKTFKSAKKTVLHTLLKAISS,0.99901706
VNWKKILPKIIKVVK,0.9915519
GLPVCGETCFGGTCNTPGCTCDPWPVCTRN,0.44200882
FAGLAANFLPTIICKISYKC,0.43068162
ADRGWIKTLTKDCPNVISSICAGTIITACKNCA,0.18273143
AANFGPSVFTPEVHETWQKFLNVVVAALGKQYH,0.49911147
GVPICGETCTLGTCYTAGCSCSWPVCTRN,0.49070475
EPHPDEFVGLM,0.780982
KYKKALKKLAKLL,0.9997022
GSSSGRGDSPA,0.4199124
KAAKKAWKAAKKAAKWWKKAA,0.96760464
AKCIKNGKGCREDQGPPFCCSGFCYRQVGWARGYCKNR,0.19940685
GLKKLLGKLLKKLGKLLLK,0.99631864
GIIKKIIKKIIKKIIKKI,0.9324462
FLKWLFKWAKK,0.9996198
FAKKLAKLAKKL,0.9996736
FIFHIIKGLFHAGKMI,0.9854134
GLFDIVKKVVGTIAGL,0.99295354
EFTNVSCTTSKECWSVCQRLHNTSRGKCMNKKCRCYS,0.14991371
LLGDFKRIVQRIKDF,0.667105
FLSSIGKILGNLL,0.6466812
PAWRKARRWARRMKKLAA,0.96046704
GKWMSLLKKILK,0.9994451
ALSKALSKALSKALSKALSKALSK,0.033200398
FLPAVLRVAAKIVPTVFCAISKKC,0.4051886
ATCDLLSGFGVGDSACAAHCIARGNRGGYCNSKKVCVCPI,0.25007716
GLFAVIKKVASVIKGL,0.9977505
KWFKKIPKFLHLLKKF,0.99894756
GFMDTAKNVAKNVAVTLIDNLKCKITKAC,0.06741523
RKGWFKAMKSIAKFIAKEKLKEHL,0.108757906
GLFDIIKKIAESF,0.7302972
FVKLKKIANIINSIFKK,0.9747548
FLPLIAGLAANFLPKIFCAITKKC,0.41550323
RAGLQFPVGRLLRRLLRRLLR,0.09870666
LLRHVVKILEKYL,0.993556
GLFDKLKSLVSDF,0.72417814
AIGSILGALAKGLPTLISWIKNR,0.4163271
FLPIASLLGKYL,0.9704931
KISKRILTGKK,0.6557469
FLPLAVSLAANFLPKLFCKITKKC,0.381902
KRAKAAGGWSHWSPWSSC,0.41938496
AVLDILKDVGKGLLSHFMEKV,0.053596407
GLPVCGETCVGGTCNTPGCACSWPVCTRN,0.5129379
ACIKNGGRCVASGGPPYCCSNYCLQIAGQSYGVCKKH,0.19378531
FLPLLLAGLPKLLCLFFKKC,0.9226331
GLFVGVLAKVAAHVVPAIAEHF,0.5136252
VNWKKIILGKIIKVVK,0.16840458
KILRGVAKKIMRTFLRRISKDILTGKK,0.91091233
FLFRVASKVFPALIGKFKKK,0.84725916
CIAKGNGCQPSGVQGNCCSGHCHKEPGWVAGYCK,0.3848177
AGECVQGRCPSGMCCSQFGYCGRGPKYCGR,0.41716835
ALLGDFFRKSKEKIGKEFKRIVQRIKDFLRNLVPRTES,0.10218957
CANSCSYGPLTWSCDGNTK,0.33685175
DFGCGQGMIFMCQRRCMRLYPGSTGFCRGFRCMCDTHIPLRPPFMVG,0.13791047
FLSLIPKLVKKIIKAFK,0.9367808
FFSLLPSLIGGLVSAIK,0.5817334
VNWKKILAKIIKVVK,0.99275774
FLSAITSLLGKLL,0.8080645
AAVPIVNLKDELLFPSWEALFSGSE,0.43905666
FAKIIAKIAKIAKKIL,0.9995014
LVPCLPGC,0.50537425
ATCDLLSGTGINHSACAAHCLLRGNRGGYCNGKAVCVCRN,0.1816733
KKVVFKVKFK,0.9970113
PGMGIYLPM,0.97924185
FLGMIPKLIKKLIKAFK,0.9895708
GLFDIVKKIAGHIVSSI,0.43322358
GIPCAESCVWIPPCTITALMGCSCKNNVCYNN,0.48995242
GIPCAESCVWIPCTVTALIGCGCSNKVCYN,0.45763308
FKVKFKVKVK,0.9996433
FALKALKKAL,0.9996916
GLFDVIKKVASVIKKL,0.9976438
GLFSVLGAVAKHVLPHVVPVIAEKL,0.3179025
KAFWGLQH,0.9983267
VYWKKILGKIIKVVK,0.998677
GFGCPNNYQCHRHCKSIPGRCGGYCGGWHRLPCTCYRCG,0.28991392
LKKLAKLALAF,0.99962074
FAKLFAKLAKKFAL,0.99967504
KRLRRVWRRWR,0.46211407
FAKLLAKALKKFAL,0.9996977
FLLFPLMCKIQGKC,0.9209419
ASIVKTTIKASKKLCRGFTLTCGCHFTGKK,0.14003478
CTGAAGGTGCTGTCCCAGAT,0.3049419
GFMKYIGPLIPHAVKAISDLI,0.6492249
DHYNCVSSGGQCLYSACPIFTKIQGTCYRGKAKCCK,0.2418313
FAKFLAKFLKKAL,0.99970365
GLFAVIKKVAAVIRRL,0.9963769
FKRIVQRIKDFLRNLV,0.25650907
FFGHLFKLATKIIPSLFQ,0.99208105
FAKLFAKAFKKAL,0.9997027
KAAKKWAKAAKKWAKAWKKAA,0.9996724
AFKLLGRIIHHVGNFVYGFSHVF,0.43659395
PAWRKAFRWAWRMKKLAA,0.98782676
GLFDIVKKVVGAFGSL,0.9867817
GVGSPYVSRLLGICL,0.5019031
FLPLLASLFSGLF,0.6797006
ILRWPWWPWRRK,0.51948905
GLPTCGETCTLGTCYVPDCSCSWPICMKN,0.47767407
KAQIRAMECNIL,0.8066922
FLPLVTMLLGKLF,0.9944023
KTCENLADTY,0.47462252
KAAKKAWKWAKKAAKWAKKAA,0.99811345
LLGDFFRKSKEKIGKEFKRIVQRIKDFLRNLVPRTES,0.09961865
FAKKLAKLALKLAKL,0.9997382
PRFWEYWLRLME,0.75246334
VAKLLAKLAKKLL,0.9995068
GLLGPLLKIAAKVGSNLL,0.101648085
AKKVFKRLEKLFSKIQNDK,0.5504981
RFRLPFRRPPIRIHPPPFYPPFRRFL,0.48184645
MPKEKVFLKIEKMGRNIRN,0.81142604
EPNPDEFFGLM,0.6920364
ATRVVYCNRRSGSVVGGDDTVYYEG,0.17491035
GGLRSLGRKILRAWKKYGPIIVPIIRI,0.24795103
FLSLIPHIVSGVASIAKHF,0.17711772
DDTPSSRCGSGGWGPCLPIVDLLCIVHVTVGCSGGFGCCRIG,0.22105545
CIPMAWAVSWPHP,0.7308444
DYDWSLRGPPKCATYGQKCRTWSPRNCCWNLRCKAFRCRPR,0.30236405
GWRTLLKKAEVKTVGKLALKHYL,0.078128636
GLFDIVKKIAGHIA,0.8011866
GLFDIIKKIAESI,0.71273965
FAKLLKLAAKKLL,0.99972653
MPKWKVFKKIEKVGRNIRNGIVKAGPAIAVLGEAKALG,0.33647296
GIGKFLKKAKKFGKAFVKILKK,0.7975435
GMWSKLLGHLLR,0.99219483
FALLKL,0.99946225
VNWKKILKKIIKVVK,0.9935084
GAIKDALKGAAKTVAVELLKKAQCKLEKTC,0.24900135
YAIDTILLEIKNINAD,0.6169955
GFFALIPKIISSPLFKTLLSAVGSALSSSGGQE,0.4266914
GSIPCGESCVFIPCISAIIGCSCSSKVCYKN,0.49701074
FLPILGKLLSGIL,0.8747746
ENFFKEIERAGQRIRDAIISAAPAVETLAQAQKIIKGGD,0.14985491
FAKALAKLAKKLL,0.99973226
ECRRLCYKQRCVTYCRGR,0.2859744
ALKAALLAILKIVRVIKK,0.99121094
HSHRDFQPVLHLVALNSPLSGGMRG,0.6848672
FFRLLFHGVHHVGKIKPRA,0.9432198
ALWMTLLKKVLKAAAKALNAVLVGANA,0.814333
FAFAKIIAKIAKKII,0.9995318
KIAKVALAKLGIGAVLKVLTTGL,0.24938741
KWKLFKKKTKLFKKFAKKLAKKL,0.9615326
FFRHLFRGAKAIFRGARQGWRAHKVVSRYRNRDVPETDNNQEEP,0.2702755
RGDLLRHVVKILSKYL,0.6900779
KWLRRVWRWWR,0.65959114
GSIPCGESCVFIPCISSVIGCACKSKVCYKN,0.48917708
GADFQECMKEHSQKQHQHQG,0.53376776
NVWKKILGKIIKVVK,0.9902328
PAWAKAFRAAARMKLKAA,0.9966913
EGGGPQWAVGHFM,0.59059703
FAKLWAKLAKKL,0.9996371
MRKWFHNVLSSGQLLADKWPAWDYNRK,0.1742435
FFGAIAAALPHVISAIKNAL,0.8028445
KAAKKAWKAWKKAAKAAWKKAA,0.99973094
KWKSFAKTFKSAKKTVLHTALKAISS,0.9988586
GFGCPLNQGACHNHCRSIGRRGGYCAGIIKQTCTCYRK,0.2332746
MPRWRLFRRIDRVGKQIKQGILRAGPAIALVGDARAVG,0.1687744
KWKLFKKIGIGKFKLAKKF,0.9951646
GSIPCEGSCVFIPCISAIIGCSCSNKVCYKN,0.4927548
PRFWEYALRLME,0.90782684
GFGCNGPWDEDDMQCHNHCKSIKGYKGGYCAKGGFVCKCY,0.2868679
VAKALKALLKALKAL,0.9993159
FAVGLRAIKRALKKLRRGVRKVAKDL,0.111737356
KWKLFKKIPKFLHLAK,0.98904705
KTCENLADTFRGPCFATSNC,0.44308862
FISAIASFLGKFL,0.8464644
GIPCGESCVFIPCITAAIGCSCKSKVCYRN,0.53350407
FLSLIPHAINAVSALANHG,0.116156
MWKEFHNVLSSGQLLADKRWARWYNRW,0.43205395
KAKLF,0.99951273
FAKLLAKLAKK,0.9996784
GLLSVLGSVAKHVLPHVVPVIAEHL,0.23370428
FKVQNQHGQVVKIFHH,0.52102906
FAKIIAKIAKKI,0.99933094
FLGALAKIISGIF,0.9542244
GFKDWIKGAAKKLIKTVASSIANQ,0.19405213
SWLSKTAKKLENSAKKRISEGIAIAIQGGPR,0.10762248
FIGTALGIASAIPAIVKLFK,0.64634734
VNWKKILGKIKKVVK,0.99203706
WKLFKKIPKFLHLAKKF,0.99783546
FALALKALKKLLKKLKKLAKKAL,0.9997659
VALALKALKKLAKKLKKLAKKAL,0.9997165
FLGALFHALSKLL,0.99881655
GLVTSLIKGAGKLLGGLFGSVTGGQS,0.16735086
ELCEKASQTWSGTCGKTKHCDDQCKSWEGAAHGACHVRDGKHMCFCYFNC,0.3118042
GLPVCGETCFTGTCYTNGCTCDPWPVCTRN,0.44507453
FLPIVGRLISGLL,0.74695456
ACSAG,0.9624994
KWKLFKKIPLAKKF,0.99831444
KAFDITYVRLKF,0.5908839
FLGWLFKWAWK,0.852045
DAEFRHDSGYEVHHQKLVFFAEDVGSNKGAIIGLMVGGVVIA,0.082301974
FVDLKKIANIINSIF,0.6650072
DCYCRIPACIAGERRYGTCIYQGRLWAFCC,0.41647425
KWKLFKKIPLHLAKKF,0.9882937
ALWKTLLKNVGKAAGKAALNAVTDMVNQ,0.7111625
GFGMALKLLKKVL,0.9896252
LRVRLASHLRKLRKRLLRDADDLQKRLAVY,0.052107148
ASSSYPLIHWRPWAR,0.49021763
GFCRCLCRRGVCRCICTR,0.3130361
LMMLILAMNRKDKKKEKK,0.03158474
FLSAIASMLGKFL,0.80203044
DLRFWNPREKLPLPTLPPFNPKPIYIDMGNRY,0.47468176
KWKLFKKALKKLKKALKKAL,0.9997573
FAKAIAKIAFGKGIGKVGKKLL,0.99566036
KAYARIGNSYFK,0.98066354
QETFSDLWKLLP,0.4545278
KWWKKAAKAAKKAAKAAKKWA,0.93860394
DDALRRLLRRLLRRL,0.12659957
ACYCRIPACFAGERRYGTCFYLGRVWAFCC,0.46174246
RLFDKIRQVIRKF,0.45239678
FAKLLAKLAK,0.9996779
GLFGVLAKVAAHVVPAIAEHF,0.5535226
GLFDIIKKVASVVGGL,0.97970814
TCCATGACGTTCCTGACGTT,0.499549
ALWKDILKNAGKAALNEINQLVNQ,0.42878976
YGRKKRRQRRRREADFFWSLCTADMS,0.29244885
FAKKLAKKLAKAL,0.9997386
GIGDPVTCLKSGAICHPVFCPRRYKQIGTCGLPGTK,0.16803873
GQVWEATATVNAIRGSVTPAVSQFNARTAD,0.41662493
GMWKKILGHLIR,0.99723786
KWKSFLKTFKSAKKTVAHTALKAISS,0.9988693
AKIPIKAIKTVGKAVGKGLRAINIASTANDVFNFLKPKKRKA,0.0739256
NYQWVPYQGRVPYPRGGLLKLLKKLLKKLLKL,0.9854566
GLMSSIGKALGGLIVDVLKPKTPAS,0.17618525
AGWGSIFKHIFKAGKFIHGAIQAHND,0.8636459
KWKLFKKIPKFLHLAKK,0.99933
QAGGQTCPGGICCSQWGYCGTTADYCSPNNNCQSNCWASG,0.4722326
GKWMTLLKHILK,0.9994882
LLGDFFRKSKEK,0.7611498
GFGCPGNQLKCNNHCKSISCRAGYCDAATLWLRCTCTDCNGKK,0.18793729
FCTMIPIPRCY,0.6872535
FAKKLAKLAKKLAKLAL,0.9997623
FLPLIGKILGTIL,0.7449773
GLFAVIKKVAKVIKKL,0.9995846
FIHHIFRGIVHAGRSIGRFLTG,0.6028382
PAARKAARWAWRMLKKGA,0.9895457
FAKKLAKKLKKLAKLALAK,0.99975896
IVRRADRAAVP,0.7585704
GLLSVLGSVAQHVLPHVVPVIAEHL,0.21385987
KWKLFKKIPHLAKKF,0.55750996
ATCDLLSKWNWNHTACAGHCIAKGFKGGYCNDKAVCVCRN,0.35100785
FALALKALKKLAKKLKKLAKKAL,0.9997661
CAAGTACTCAGTGTGGA,0.35603425
WALAL,0.9993074
GKWMKLLKHILK,0.9995664
VAKKLAKLAKKLLAL,0.99935967
FLPLIGRVLSGIL,0.57010746
KWKLAKKALALL,0.9994771
GCASRCKAKCAGRRCKGWASASFRGRCYCKCFRC,0.31064755
GIPCGESCVFIPCLTSAIDCSCKSKVCYRN,0.5010068
KFKKLAKKW,0.999625
DWTAWSALVAAACSVELL,0.2710298
FLPLLAGLAANFLPTIICKISYKC,0.28730282
PLLQATLGGGS,0.7033429
DPVTYIRNGGICQYRCIGLRHKIGTCGSPFKCCK,0.14776602
RRRRRRRRGEDIIRNIARHLAQVGDSMDR,0.23595908
FLGALFKALSHLL,0.99881333
FAKKLAKKLKKLAKKLAKLAKKL,0.9997783
KWKLFKKIGIGKFLHSAKKF,0.99949545
KWKSFLKTFKSLKKTVLHTLLKLISS,0.9991027
DLRFLYPRGKLPVPTLPPFNPKPIYIDMGNRY,0.46552697
FAKLLAKAFKKAL,0.99971664
GVPVCGETCFGGTCNTPGCSCDPWPVCSRN,0.4966688
FIGLLISAGKAIHDLIRRRH,0.501078
KWKLFKKIPKFLH,0.9995311
PAWFKARRWAWRMKKLAA,0.9888064
VNWKKILGKIIKVVK,0.9894887
FLPIVAKLLSGLL,0.9590868
KWKLFKKIPFLHLAKKF,0.9991692
FAKLA,0.9994639
FLPIVTNLLSGLL,0.75329036
MWKWFHNVLSSGQLLADKWWAWWYNWW,0.47079074
KLLLKLKLKLLK,0.99962
CSTNTFSLSDYWGNNGAWCTLTHECMAWCK,0.39133236
KWKLFKKIPKFLHLAKKF,0.99825317
GKWSKILGHLIR,0.9772849
FELDRICGYGTARCRKKCRSQEYRIGRCPNTYACCLRKWDESLLNRTKP,0.051014274
FAKKALKALKKL,0.999681
FLGALFKVASKVLPSVFCAITKKC,0.35578218
FAKLLAKLAKKGL,0.9997071
FDIVKKIAGHIVSSI,0.7672818
GFKMALKLLKKVL,0.9989216
KSCCPNTTGRNIYNTCRFGGGSRQVCASLSGCKIISASTCPSDYPK,0.113532916
GMWSKILGHLIR,0.9731022
KWKLFKKIGPGKFLHSAKKF,0.99680287
GIGKFLHAAKKFAKAFVAEIMNS,0.9781348
AALKGCWTKSIPPKPCFGKR,0.3670284
ALSILKGLEKLAKMGIALTNCKATKKC,0.15189928
KLLLKLLKKLLKLLKKK,0.999727
ACYCRIPACIAGERRYGTCIYQGRLWAFCC,0.42249307
GVPICGETCVGGTCNTPGCSCSWPVCTRN,0.5239095
RGDLLRHVVKILEKYL,0.78207743
PPPEE,0.7870862
CCTAAGCCCTTGTGGTGTGT,0.37722644
VAKALAKALLKALKAL,0.9997076
PAWRKAFRWAKRMLKKAA,0.99164474
DIQIPGIKKPTHRDIIIPNWNPNVRTQPWQRFGGNKS,0.33186066
VYINKLTPPCGTMYYACEAV,0.62701374
FAKLLAKALKKAL,0.99972796
LTAEHYAAQATS,0.93325424
GMWKKILGKLIR,0.9971933
FAKKLAKKLAKLL,0.99974275
TTGGTCCTTCAAGAGCTG,0.38995957
HTLLTPRR,0.59951997
VAKKLAKLAKKLAKLALAL,0.9997028
ATCDLASGFGVGSSLCAAHCIARRYRGGYCNSKAVCVCRN,0.2805827
GLPVCGETCVGGTCNTPGCGCSWPVCTRN,0.49504572
IPCGESCVWIPCISGMFGCSCKDKVCYS,0.4519415
IFLLWQR,0.55635834
FALALKLKKL,0.99967873
VAKKLAKLAKKLAKLAL,0.99816525
GFGSLLGKALRLGANVL,0.047278047
KWKSFLKTFKSAKKTVLHTALKAISS,0.99893767
CHHNLAHAC,0.8363896
GFGCPFNQYECHAHCSGVPGYKGGYCKGLFKQTCNCY,0.42148334
GRENYHGCTTHWGFTLC,0.29883513
KLLRLLKKLLRLLLK,0.99588746
FLGLLFHGVHHVGKWIHGLIHGHH,0.65281487
HTMYYHHYQHHL,0.99937373
GEFLKCGESCVQGECYTPGCSCDWPICKKN,0.44993114
YHWYGYTPQNVIGGGKLLLKLLKKLLKLLKKK,0.11960896
GMWSKILKHLIR,0.98937595
FLPIITNLLGKLL,0.7797616
GLPICGETCVGGTCNTPGCSCSWPVCTRN,0.50610036
GLFDVIKKVASVIKGL,0.99534035
KNWKKILGKIIKVVK,0.99467355
FAKKLAKKLKKLAKKLAK,0.99976015
RYPAGLPFL,0.59700596
FLGMIPGLIGGLISAFK,0.7144985
FLPLVGKILSGLI,0.9227988
GSIPCGESCVFIPCISAVIGCSCSNKVCYKN,0.5004592
FFGTALKIAANILPTAICKILKKC,0.21866478
GLLQTIKEKLESLESLAKGIVSGIQA,0.13057478
CAGAGTGGGAGAGGCAAGAC,0.25096768
VNWRRILGRIIRVVR,0.5573113
HHPHG,0.9821772
FAKKLAKLAKKLLAL,0.99973977
AQCGAQGGGATCPGGLCCSQWGWCGSTPKYCGAGCQSNCK,0.21421383
IGKEFKRIVQRIKDFLRNLVPRTES,0.23941587
FLPIIAGVAAKVLPKIFCAISKKC,0.4256264
IPCGESCVWIPCITAIAGCSCKNKVCYT,0.46355078
DHYICAKKGGTCNFSPCPLFNRIEGTCYSGKAKCCIR,0.29815018
FKCRRWQWRMKK,0.4185743
FAKLLAKLAKKL,0.99964476
DSHEERRQGRHGHHEYGRKFHEKHHSHRGY,0.42297548
FLGGLMKAFPAIICAVTKKC,0.5624636
FAKLLAKLAKAKA,0.99972224
DFKLFAVTIKYR,0.9189593
RYLGYL,0.7387035
FIGPIISALASLFG,0.97331667
FALAAKALKKLAKKLKKLAKKAL,0.99976563
FALALKLAKKAL,0.99965453
PAARKAFRWAWRMLKKAA,0.99092984
GIPCGESCVWIPCISSAIGCSCKSKVCYRN,0.50687784
GIIKKIIIKKI,0.9893223
FLGALIKGAIHGGRFIHGMIQNHH,0.3104574
FALALKALKKL,0.9996729
KWKLFKKIGIGKFLHSATTF,0.84085715
FFGSVLKLIPKIL,0.97102046
DFKDWMKTAGEWLKKKGPGILKAAMAAAT,0.8685446
KTKLFKKFAKKLAKKLKKLAKKL,0.9924475
GDACGETCFTGICFTAGCSCNPWPTCTRN,0.5008486
HPTWPQKSVWHGSDPNGRRLTESY,0.41887796
KLKNFAKGVAQSLLNKASCKLSGQC,0.06618589
DFASCHTNGGICLPNRCPGHMIQIGICFRPRVKCCRSW,0.45404807
GFGMALRLLRRVL,0.5268203
GKWMSLLKHIWK,0.9994012
KAAKKWAKAWKKAAKAWKKAA,0.99969566
ALWKNMLKGIGKLAGQAALGAVKTLVGAE,0.05309385
FAKLLAKALKKL,0.99964285
RKKRRQRRR,0.5323248
GFGCPNNYACHQHCKSIRGYCGGYCAGWFRLRCTCYRCG,0.31130615
LIAHNQVRQV,0.6864422
GIGKFLHSAKKFGKAFVGEIMNS,0.7528706
KLAKKLAKLAKLAKAL,0.99971104
FAKKLAKKLAKLAL,0.99972796
PRFWEYWLRLAE,0.76102877
FALALKLAKKL,0.9996742
FLPAIAGILSQLF,0.7068011
GFLDIIKDTGKEFAVKILNNLKCKLAGGCPP,0.10638041
KIFGSLAFL,0.9984859
FALKALKKLKKALKKAL,0.9997666
RQVFQVAYIIIKA,0.45972478
GKWMSLLKHWLK,0.99227333
AAKKWAKAKWAKAKKWAKAA,0.99964523
GKWKSLLKHILK,0.99949974
KWKLFAKIGIGKFLHLAKKF,0.9995169
GLFDIAKKVIGVIGSL,0.9885804
KKKFPWWWPFKKK,0.6987635
GFGCPFNQGACHRHCRSIRRRGGYCAGLFKQTCTCYR,0.40352908
GLFVGLAKVAAHNNPAIAEHFQA,0.7174492
FLKLLAGLLKNFA,0.8309666
GFIFHIIKGLFHAGKMIHGLV,0.98901594
KLKNFAIGVAQSLLNKASCKLSGQC,0.07624286
GLLDIVKKVVGAFGSL,0.8530551
KAQIRAMECNILGRKKRRQRRR,0.098083794
EIRLPEPFRFPSPTVPKPIDIDPILPHPWSPRQTYPIIARRS,0.35742995
FAKLLAKLAKAKL,0.9997268
FVPYNPPRPYQSKPFPSFPGHGPFNPKIQWPYPLPNPGH,0.5370572
KSCCPNTTGRNIYNTCRFAGGSRERCAKLSGCKIISASTCPSDYPK,0.14183141
TCGTCCTGAGGAGAGAGAGC,0.3162341
LFGMALKLLKKVL,0.9972781
RWGKWFKKATHVGKHVGKAALTAYL,0.9111292
KWKSFLKTFKSAKKTVAHTAAKAISS,0.99875337
CTFTLPGGGGVCTLTSECIC,0.33032534
HHPHGHHPHGHHPHG,0.9960474
DTVACRIQGNFCRAGACPPTFTISGQCHGGLLNCCAKIPAQ,0.29045555
RLVSYNGIIFFLK,0.5850036
GKWMSLWKHILK,0.99213594
FKKLKKIANIINSIFKK,0.9781036
GIKCRFCCGCCTPGICGVCCRF,0.46525222
YPFPG,0.99838275
CHHNATHAC,0.923377
NKWKKILGKIIKVVK,0.99609727
GMWSKILGKLIR,0.97049654
FALLKALKKAL,0.9996748
ALWKTMLKKLGTMALHAGKAALGAAADTISQGTQ,0.1461535
FLPILASLAATLGPKLLCLITKKC,0.2303544
GRFKRFRKKFKKLFKKLSPVIPLLHLG,0.94944006
AWKKWAKAWKWAKAKWWAKAA,0.9676546
RRRRRWCMNW,0.56830484
DCLSGKYKGPCAVWDNEMCRRICKEEGHISGHCSPSLKCWCEGC,0.14111157
KSCCPNTTGRNIYNTCRLTGSSRETCAKLSGCKIISASTCPSNYPK,0.09699014
FAKLWAKLAFGKGIGKVGKKLL,0.99901694
NHFTLKCPKTALTEPPTLAY,0.5761136
KWKLFKKIGIGAVLKVLTTG,0.7624453
GLFSVLGAVAKHVLPHVVPVIAEK,0.7283076
ELPKLPDDKVLIRSRSNCPKGKVWNGFDCKSPFAFS,0.34042367
ACDTATCVTHRLAGLLSRSGGVVKNNFVPTNVGSKAF,0.11940935
FALAKKALKKAKKAL,0.9997468
RQIKIWFQNRRMKWKK,0.20803168
DFKLFAVYIKYR,0.944526
KWKLFKKIPLKKF,0.9995026
FALLKALLKKAL,0.9996168
AFTCHCRRSCYSTEYSYGTCTVMGINHRFCCL,0.3382599
MTLTG,0.99739504
FALALKKALKALKKAL,0.99972355
FKLAFKLAKKAFL,0.9996954
LTFEHYWAQLTS,0.78688806
ETFSDLWKLL,0.5464679
KWCFRVCYRGICYRRCR,0.5402608
WFKKIPKFLHLAKKF,0.9987625
AYPGNGVHCGKYSCTVDKQTAIGNIGNNAA,0.36123362
GLPVCGETCFGGTCNTPGCSCDPWPMCSRN,0.4335899
ELCEKASKTWSGNCGNTGHCDNQCKSWEGAAHGACHVRNGKHMCFCYFNC,0.30174384
GLFDVIKKVAAVIGGL,0.99524266
GFGSKPLDSFGLNFF,0.76805687
GFKLKGMARISCLPNGQWSNFPPKCIRECAMVSS,0.40175065
FAKALKALLKALKAL,0.9997355
DVKGMKKAIKGILDCVIEKGYDKLAAKLKKVIQQLWE,0.059963826
KSCCRNTWARNCYNVCRLPGTISREICAKKCDCKIISGTTCPSDYPK,0.09835694
GFFALIPKIISSPLFKTLLSAVGSALS,0.6083523
FAFGKGIGKIGKKGL,0.9983696
SIGAKILGGVKTFFKGALKELASTYLQ,0.9740145
GKWMSFLKHILK,0.99941504
RALWGLQH,0.9977423
GETFDKLKEKLKTFYQKLVEKAEDLKGDLKAKLS,0.05779646
FMPIIGRLMSGSL,0.6662723
FLPAIFRMAAKVVPTIICSITKKC,0.3895231
ADTLACRQSHQSCSFVACRAPSVDIGTCRGGKLKCCKWAPSS,0.17732799
FAKLLAKLAKKVL,0.9997221
FVLPLVMCKILRKC,0.78604877
GKWSKILGKLIR,0.9752539
CHHALTHAC,0.9901836
EVWRLAEFLAMPP,0.45155805
GVIPCGESCVFIPCISSVLGCSCKNKVCYRD,0.45171165
KWKLFKKIKFLHSAKKF,0.99973667
GLPVCGETCAGGTCNTPGCSCSWPICTRN,0.5216995
FFPIIAGMAAKLIPSLFCKITKKC,0.46220794
MPFLFCNVNDVCNFASRNDYSCNYYSNSYSFWLASLNPER,0.18216136
KLALKLALKALKAAKLA,0.9997275
GFKDLLKGAAKALVKTVLF,0.99550194
FAKKLAKKLKKLAKKLAKLALALKALALKAL,0.99977326
FLGGILNTITGLL,0.58823174
GIIKKIIIKKIIIKKI,0.17496778
ESVFSKIGNAVGPAAYWILKGLGNMSDVNQADRINRKKH,0.20396699
KWKKLLKKPPPLLKKLLKKL,0.9992368
FLPLLFGAISHLL,0.9132383
APPGARPPPGPPPPGPPPPGP,0.63651085
FKDLKKIANIINSIFKK,0.84372306
IAAHDTPGPVWLS,0.454973
TILAEIKNINAD,0.82590145
ARLKKCFNKVTGYCRKKCKVGERYEIGCLSGKLCCAN,0.08496467
TAGIKLTVPIEKFPVTTQTFWG,0.39167932
KILRGVAKKILRTFLRRISKDILTGKK,0.89634234
AGCIKNGGRCNASAGPPYCCSSYCFQIAGQSYGVCKNR,0.30252224
GIGGKILSGLKTALKGAAKELASTYLH,0.9334643
FAKLLAKLAKAKG,0.99967587
FLPIIASVAAKVFSKIFCAISKKC,0.30091375
KWKLFKKIPKFLHSAKKF,0.9979438
FAKLLAKLAKKEL,0.9996785
GIPCGESCVFIPCITGAIGCSCKSKVCYRN,0.5048483
FAKLF,0.99943197
PRFWEAWLRLME,0.7419817
HHPHGHHPHG,0.98372895
GAFGNFLKGVAKKAGLKILSIAQCKLFGTC,0.42994547
THRPPMWSPVWPGGGKLLLKLLKKLLKLLKKK,0.9856195
GIGGVLLSAGKAALKGLAKVLAEKYAN,0.08855506
ESEFDRQEYEECKRQCMQLETSGQMRRCVSQCDKRFEEDIDWSKYDNQD,0.046125893
GIPCGESCVFIPCISSVIGCSCSSKVCYRN,0.4846034
RKAFRWAWRMLKKAAPSITCVR,0.29500479
ATCDLLSGTGVKHSACAAHCLLRGNRGGYCNGRAICVCRN,0.16359963
CHHNLTAAC,0.8839347
LGQSAASAHHAYIVLAIENSFMTASKKK,0.43807614
PAWRKAFRAAWRMLKKAA,0.9848605
KWKLFKKIPKFLHLA,0.51861286
AAKPMGITCDLLSLWKVGHAACAAHCLVLGDVGGYCTKEGLCVCKE,0.20750356
KLCGETCFKFKCYTPGCSCSYPFCK,0.44118357
FLPPSPWKETFRTS,0.6475084
GIPCAESCVWIPCTVTALVGCSCSDKVCYN,0.46376348
PRFWEYWLRAME,0.7663912
FLPVLAGIAAKVVPALFCKITKKC,0.46958634
GLFGVLGSIAKHVLPHVVPVIAEKL,0.20356488
FAKLAKKLL,0.99967253
RWKIFKKIEKMGRNIRDGIVKAGPAIEVLGSAKAIGK,0.07776505
GRKKRRQRRR,0.5087113
KLLKLLLKLYKKLLKLL,0.9997264
VAKLLAKALKKLL,0.9995045
KKKKKEGKKQ,0.98814625
FALALKA,0.9995443
GCSRWIIGIHGQICRD,0.28590718
LPKWKVFKKIEKVGRNIRNGIVKAGPAIAVLGEAKALG,0.3206417
AMVGT,0.9648319
KAAKKAWKAAKKAWKAAKKAA,0.99830747
GLFKVLGSVAKHLLPHVAPVIAEK,0.692488
AAWKWAWAKKWAKAKKWAKAA,0.98817945
FDIVKKVVGTIAGL,0.99437374
RRRRRNWMWC,0.4944124
ATPATPTVAQFVIQGSTICLVC,0.43548936
FAKLLAKALKKFL,0.9997225
DQYKCLQHGGFCLRSSCPSNTKLQGTCKPDKPNCCKS,0.18656085
PRAWEYWLRLME,0.73821825
ATRSYGNGVYCNNSKCWVNWGEAKENIAGIVISGWASGLAGMGH,0.1315587
ERRP,0.8063308
KWKSFLKTFKSLKKTVLHTLLKAISS,0.999062
DKLIGSCVWGATNYTSDCNAECKRRGYKGGHCGSFWNVNCWCEE,0.17381231
ACDCRGDCFCGGGGIVRRADRAAVP,0.4709081
FIITGLVRGLTKLF,0.9888926
ATCDLLSGIGVQHSACALHCVFRGNRGGYCTGKGICVCRN,0.18612954
KWKFKKIPKFLHLAKKF,0.9996352
FFPMLAGVAARVVPKVICLITKKC,0.4328817
GLFDVIKKVASVIGGL,0.9776234
KILRGVAKKIMRTFLRRISKKILTGKK,0.9613507
TRSSRAGLQFPVGRVHRLLRK,0.19210607
GNFRYLAPP,0.67052317
KRFKQDGGASHASPASS,0.9530832
YSL,0.9990309
FLPAIVGAAAKFLPKIFCAISKKC,0.5122996
FASLLGKALKALAKQ,0.58400303
FVKLKKILNIINSIFKK,0.9746316
FAKLLAKALKLKL,0.99972844
ALFSILRGLKKLGNMGQAFVNCKIYKKC,0.15109499
FAKGVGKVGKKAL,0.99807537
GLLGLLGSVVSHVLPAITQHL,0.16461116
FLPIIGKLLSGLL,0.8702737
FLSLIPSLVGGSISAFK,0.55781204
FAKLLALALKLKL,0.9997165
WKKIPKFLHLAKKF,0.9884638
FAKKLAKKLKKLAKKLIGAVLKV,0.9995344
ALWKTIIKGAGKMIGSLAKNLLGSQAQPES,0.13231105
GASCGETCFTGICFTAGCSCNPWPTCTRN,0.51881266
FKLFKKIPKFLHLAKKF,0.9996092
FAKKLAKKLKKLAKKLAKLALAL,0.99977255
FAKLLAKLAKLKL,0.99973
MRGIRGADFQAFQQARAVGLAGTFR,0.48246077
FAKLLFKALKKAL,0.99972296
FALALKAKKL,0.99967074
CYTQYRKCQELTA,0.6425633
GLPVCGETCFGGTCNTPGCSCTWPICTRD,0.53028446
ATYYGNGLYCNKEKCWVDWNQAKGEIGKIIVNGWVNHGPWAPRR,0.1304667
FAKKLAKLAKKLAKAL,0.99973464
GCWSTVLGGLKKFAKGGLEAIVNPK,0.1388046
CGESCVFIPCITSVAGCSCKSKVCYRNGIP,0.3660316
FLPLLASLFSRLL,0.59719574
GFGCPLDQMQCHRHCQTITGRSGGYCSGPLKLTCTCYR,0.2264346
FLPKTLRKFFCRIRGGRCAVLNCLGKEEQIGRCSNSGRKCCRKKK,0.0491703
KWKKLAKKW,0.99959797
FAKKLAKLAKKALAL,0.9997363
GFGSLFKFLAKKVAKTVAKQAAKQGAKYIANKQTE,0.19569811
FLGALFKVASKVLPSVKCAITKKC,0.31468278
GIACGESCVFLGCFIPGCSCKSKVCYFN,0.48812634
FAKKLAKKLKKLAKLALAL,0.9997561
FWGHIWNAVKRVGANALHGAVTGALS,0.5874211
FALAKLAKKAKAKLKKALKAL,0.9997704
KSCCPSTTARNIYNTCRLTGASRSVCASLSGCKIISGSTCDSGWNH,0.13213307
AFGMALKLLKKVL,0.99747425
FAKLLAKKLL,0.9996922
ATAVDFGPHGLLPIRPIRIRPLCGKDKS,0.505456
YAKLLAKLAKKAL,0.9996754
FAKKLAKLAKKLAKLALAL,0.99974954
KQLIRFLKRLDRNGGGKLLLKLLKKLLKLLKKK,0.35532436
GKWKKILGHLIR,0.9975677
DEVD,0.7514661
VNWKKLLGKLLKVVK,0.99362004
EKKPPRPPQWAVGHFM,0.9114767
KWKLFKKISKFLHLAKKF,0.9832226
KWKLFKKILKFLHLAKKF,0.9976449
ALWKNMLKGIGKLAGQAALGAVKTLVGA,0.70964724
PAWFKARRWAWRMLKKAA,0.9896839
KSCCKNTTGRNIYNTCRFAGGSRERCAKLSGCKIISASTCPSDYPK,0.10670891
FITLLLRKFICSITKKC,0.52939
GFGCPNDYPCHRHCKSIPGRAGGYCGGAHRLRCTCYR,0.43726644
FLPLLLAGLPLKLCFLFKKC,0.9352477
CHHNLTHAC,0.9034621
FLPLIAGLIGKLF,0.8937146
GLPVCGETCVGGTCNTPGCSCSWPVCTRN,0.49937356
GLFAVIKKVAAVIKKL,0.99954325
CIWVSDGKKLWRH,0.4992075
KVKVKVKVPPTKVKVKVK,0.99112505
GIIKKIIKKI,0.9978986
MWKWFHNVLSSWQLLADKRPARDYNRK,0.4636727
APGNKAECEREKGYCGFLKCSFPFVVSGKCSRFFFCCKNIW,0.35403654
FLPILAGLAAKIVPKLFCLATKKC,0.5719662
GFFKKAWRKVKHAGRRVLDTAKGVGRHYVNNWLNRYR,0.062114988
PAWRKAFRKAWRMLKKAA,0.98658085
VNWKKVLGKIIKVAK,0.98605853
AREASKSLIGTASCTCRRAWICRWGERHSGKCIDQKGSTYRLCCRR,0.080381885
LLAGLAANFLPTIICKISYKC,0.2708319
